year,population,gdp,primary_energy_consumption,renewable_energy_consumption,renewables_share_energy,electricity_generation,fossil_fuel_consumption,coal_consumption,oil_consumption,gas_consumption,nuclear_consumption,solar_capacity_mw,wind_capacity_mw,hydro_capacity_mw,carbon_emissions_mt,energy_imports_twh,energy_exports_twh,energy_intensity_gdp,average_energy_price_usd_per_kwh,industrial_energy_use_twh,residential_energy_use_twh,transport_energy_use_twh,temperature_celsius,renewable_investment_usd_billion,energy_efficiency_index,urbanization_rate,policy_index,Actual_Continent,Predicted_Continent
2021,106.63,116.33,3.64,1.46,40.0,1.66,2.19,0.4,0.69,1.1,0.07,2312.18,1723.35,595.09,1.49,0.59,0.07,0.0215,0.0993,1.46,1.09,1.09,18.61,21.9,71.49,60.5,9.31,Asia,Asia
2010,50.9,716.85,2.95,0.68,23.0,1.18,2.27,0.61,0.82,0.84,0.5,474.03,532.79,342.02,1.71,0.46,0.06,0.0035,0.1174,0.89,0.89,0.89,17.5,16.68,72.17,80.0,7.71,Asia,Asia
2004,9.29,286.99,0.49,0.16,32.76,0.18,0.33,0.11,0.13,0.1,0.01,22.68,36.03,52.29,0.24,0.1,0.01,0.0016,0.0742,0.15,0.15,0.15,9.21,4.11,65.38,77.0,6.74,Europe,Europe
2014,44.72,819.52,2.75,1.11,40.3,1.16,1.64,0.39,0.57,0.69,0.06,1016.83,907.58,338.22,1.12,0.66,0.06,0.0027,0.0947,0.83,0.83,0.83,11.03,58.42,78.25,82.0,7.82,Europe,Europe
2002,128.47,51.2,1.32,0.13,9.6,0.48,1.2,0.4,0.47,0.33,0.03,10.04,17.89,136.3,0.97,0.32,0.03,0.0251,0.0517,0.4,0.4,0.4,26.56,0.16,32.49,36.0,2.87,Africa,Africa
2011,138.63,6429.22,8.17,2.04,25.0,3.31,6.12,1.6,2.18,2.34,1.4,1613.91,1712.39,959.51,4.55,1.72,0.16,0.0011,0.0874,2.45,2.45,2.45,17.5,186.95,74.22,80.5,7.77,Asia,Asia
2021,237.87,2458.01,8.13,3.25,40.0,3.7,4.88,0.89,1.54,2.45,0.16,5157.94,3844.4,1327.51,3.32,1.63,0.16,0.0023,0.1023,3.25,2.44,2.44,24.05,462.63,68.5,60.5,9.38,South America,South America
2009,1207.42,828.41,34.51,5.94,17.2,13.63,28.58,7.94,10.4,10.23,0.69,1799.2,2677.73,4726.23,22.2,7.88,0.69,0.036,0.0843,13.81,10.35,10.35,17.79,12.53,56.29,54.5,4.94,Asia,Asia
2016,98.98,84.91,3.14,0.94,30.0,1.35,2.2,0.49,0.74,0.97,0.06,703.3,699.25,476.51,1.59,0.76,0.06,0.0281,0.0937,1.26,0.94,0.94,17.98,5.96,62.98,58.0,8.79,Asia,Asia
2013,11.31,344.63,0.69,0.2,29.0,0.28,0.49,0.12,0.17,0.2,0.01,205.79,194.57,83.07,0.35,0.16,0.01,0.0016,0.1004,0.21,0.21,0.21,11.17,15.37,76.88,81.5,7.93,Europe,Europe
2002,46.36,153.12,1.19,0.14,11.6,0.43,1.06,0.35,0.41,0.29,0.02,14.49,32.28,147.55,0.85,0.3,0.02,0.0076,0.0816,0.48,0.36,0.36,26.6,0.59,49.2,51.0,4.5,Africa,Africa
2021,194.26,141.6,2.66,1.01,38.0,1.21,1.65,0.3,0.52,0.83,0.05,1053.06,627.91,361.37,1.13,0.61,0.05,0.0128,0.0653,0.8,0.8,0.8,26.33,25.32,53.43,45.5,8.04,Africa,Africa
2019,132.7,2249.84,4.4,1.58,36.0,1.96,2.82,0.56,0.91,1.35,0.09,1841.51,1540.22,698.04,1.96,0.75,0.09,0.0014,0.0734,1.76,1.32,1.32,12.37,288.17,66.2,59.5,9.04,North America,North America
2015,170.48,102.69,2.13,0.55,26.0,0.91,1.58,0.36,0.54,0.68,0.04,242.26,204.13,265.6,1.17,0.5,0.04,0.0161,0.0551,0.64,0.64,0.64,25.99,5.43,49.44,42.5,7.43,Africa,Africa
2020,234.35,2307.99,7.89,3.0,38.0,3.55,4.89,0.93,1.57,2.4,0.16,4065.37,3209.82,1269.8,3.37,1.49,0.16,0.0024,0.0938,3.16,2.37,2.37,23.9,358.85,68.99,60.0,9.1,South America,South America
2013,22.18,261.92,1.35,0.39,29.0,0.56,0.96,0.24,0.33,0.39,0.03,403.5,381.52,162.88,0.69,0.07,0.62,0.0041,0.0941,0.4,0.4,0.4,18.04,11.68,74.26,81.5,7.78,Asia,Asia
2010,116.05,1276.45,3.37,0.61,18.0,1.35,2.76,0.75,0.99,1.02,0.07,216.17,303.7,467.9,2.14,0.66,0.07,0.0022,0.0582,1.35,1.01,1.01,12.21,23.24,55.69,55.0,5.69,North America,North America
2009,63.39,2060.62,3.62,0.8,22.2,1.43,2.82,0.78,1.03,1.01,0.07,472.27,562.3,413.53,2.13,0.64,0.07,0.0015,0.1139,1.09,1.09,1.09,9.52,40.23,70.9,79.5,7.26,Europe,Europe
2003,20.48,204.61,1.07,0.19,17.4,0.39,0.88,0.29,0.34,0.25,0.02,40.01,67.31,111.92,0.69,0.05,0.41,0.005,0.0799,0.32,0.32,0.32,18.92,1.35,61.69,76.5,6.61,Asia,Asia
2010,42.94,534.98,1.25,0.22,18.0,0.5,1.02,0.28,0.37,0.38,0.02,79.98,112.37,173.12,0.79,0.33,0.02,0.002,0.0913,0.5,0.37,0.37,25.29,9.74,58.84,55.0,5.52,South America,South America
2002,136.83,58.99,1.41,0.14,9.6,0.51,1.27,0.43,0.5,0.35,0.03,10.69,19.05,145.16,1.03,0.31,0.03,0.0232,0.0615,0.42,0.42,0.42,18.59,0.19,31.39,36.0,3.34,Asia,Asia
2022,5.36,292.67,0.37,0.31,84.6,0.17,0.06,0.01,0.02,0.03,0.01,726.72,409.05,51.37,0.03,0.02,0.17,0.0009,0.1042,0.11,0.11,0.11,10.37,133.98,87.36,86.0,10.0,Europe,Europe
2001,125.71,48.53,1.28,0.11,8.8,0.45,1.16,0.4,0.46,0.3,0.03,7.86,14.83,129.48,0.95,0.35,0.03,0.0259,0.0539,0.38,0.38,0.38,26.91,0.12,31.38,35.5,2.85,Africa,Africa
2022,1465.27,1878.4,50.83,21.35,42.0,23.38,29.48,5.13,9.2,15.15,1.02,39716.15,27944.16,8422.81,19.8,10.58,1.02,0.0181,0.0987,20.33,15.25,15.25,18.8,426.9,71.58,61.0,9.74,Asia,Asia
2015,143.12,7096.66,8.95,2.95,33.0,3.8,5.99,1.38,2.04,2.58,1.61,4067.82,3427.46,1114.91,4.25,2.62,0.18,0.001,0.0959,2.68,2.68,2.68,19.45,476.4,77.97,82.5,10.0,Asia,Asia
2017,22.9,289.11,1.47,0.55,37.0,0.64,0.93,0.2,0.31,0.42,0.03,1017.02,763.63,189.26,0.64,0.07,0.59,0.0038,0.0982,0.44,0.44,0.44,18.99,28.78,81.69,83.5,10.0,Asia,Asia
2018,192.18,807.73,6.28,2.14,34.0,2.76,4.15,0.85,1.36,1.93,1.17,2133.62,1890.39,981.52,2.92,0.31,2.16,0.0057,0.0703,2.51,1.88,1.88,11.08,84.97,67.22,59.0,8.47,Europe,Europe
2021,333.37,17215.71,22.79,10.25,45.0,10.37,12.53,2.28,3.96,6.29,4.38,36143.53,21551.25,3100.79,8.26,4.27,0.46,0.0009,0.1184,6.84,6.84,6.84,13.35,3645.29,84.12,85.5,10.0,North America,North America
2001,10.08,123.0,0.51,0.15,28.44,0.18,0.37,0.13,0.14,0.1,0.01,12.6,23.79,51.91,0.27,0.13,0.01,0.0041,0.1019,0.15,0.15,0.15,9.94,1.01,60.62,75.5,6.05,Europe,Europe
2014,181.07,627.87,5.58,1.45,26.0,2.34,4.13,0.98,1.42,1.72,0.99,823.4,918.67,821.65,3.05,0.28,2.64,0.007,0.0999,2.23,1.67,1.67,11.5,28.88,62.8,57.0,5.73,Europe,Europe
2007,10.79,297.17,0.6,0.12,20.6,0.23,0.48,0.14,0.18,0.16,0.01,51.43,68.71,66.32,0.36,0.1,0.01,0.0018,0.0971,0.18,0.18,0.18,10.21,4.07,66.87,78.5,7.53,Europe,Europe
2000,211.0,165.0,5.28,0.53,10.0,1.85,4.75,1.66,1.9,1.19,0.11,42.2,105.5,633.0,3.83,1.21,0.11,0.032,0.0486,2.11,1.58,1.58,17.02,0.41,43.96,50.0,4.48,Asia,Asia
2017,11.68,380.4,0.75,0.28,37.0,0.33,0.47,0.1,0.16,0.22,0.02,518.68,389.45,96.52,0.33,0.15,0.02,0.0015,0.1313,0.23,0.23,0.23,9.92,37.87,82.13,83.5,10.0,Europe,Europe
2012,75.32,266.14,2.25,0.5,22.0,0.92,1.76,0.45,0.62,0.69,0.05,219.22,274.47,322.18,1.33,0.44,0.05,0.0069,0.0617,0.9,0.68,0.68,18.68,7.83,59.89,56.0,5.95,Asia,Asia
2009,73.18,475.89,2.09,0.36,17.2,0.83,1.73,0.48,0.63,0.62,0.04,109.04,162.29,286.44,1.35,0.53,0.04,0.0038,0.0563,0.84,0.63,0.63,17.71,7.2,57.22,54.5,5.08,Asia,Asia
2021,6.27,268.73,0.43,0.35,81.0,0.19,0.08,0.01,0.03,0.04,0.01,679.29,405.04,58.28,0.04,0.07,0.01,0.0011,0.1407,0.13,0.13,0.13,10.73,102.42,85.21,85.5,10.0,Europe,Europe
2019,19.9,248.14,0.66,0.24,36.0,0.29,0.42,0.08,0.14,0.2,0.01,276.23,231.03,104.71,0.29,0.16,0.01,0.0019,0.0777,0.26,0.2,0.2,24.87,31.78,67.29,59.5,9.01,South America,South America
2002,129.04,5148.06,6.65,1.1,16.6,2.39,5.54,1.85,2.17,1.52,1.02,201.63,359.35,684.49,4.32,1.61,0.13,0.0013,0.0807,1.99,1.99,1.99,18.95,28.25,63.86,76.0,5.85,Asia,Asia
2017,4.58,144.55,0.29,0.11,37.0,0.13,0.19,0.04,0.06,0.08,0.01,203.4,152.73,37.85,0.13,0.05,0.01,0.0015,0.1174,0.09,0.09,0.09,18.77,14.39,79.33,83.5,10.0,Asia,Asia
2018,193.82,138.94,2.53,0.81,32.0,1.11,1.72,0.35,0.57,0.8,0.05,537.94,381.3,329.96,1.23,0.74,0.05,0.0133,0.0761,0.76,0.76,0.76,18.42,13.76,49.77,44.0,7.38,Asia,Asia
2004,291.13,11314.08,15.45,2.81,18.2,5.72,12.64,4.02,4.85,3.77,2.44,710.77,1128.88,1638.36,9.76,3.74,0.31,0.0013,0.0736,4.63,4.63,4.63,11.74,90.04,64.27,77.0,6.56,North America,North America
2022,55.5,379.68,1.93,0.81,42.0,0.89,1.12,0.19,0.35,0.57,0.04,1504.4,1058.49,319.05,0.75,0.39,0.04,0.0034,0.0755,0.77,0.58,0.58,24.85,86.29,69.84,61.0,9.05,South America,South America
2022,97.71,3357.06,6.78,4.14,61.1,3.12,2.64,0.46,0.82,1.36,0.14,13242.37,7453.83,936.13,1.56,1.93,0.14,0.0014,0.1058,2.03,2.03,2.03,10.44,1109.92,88.2,86.0,10.0,Europe,Europe
2019,84.92,893.32,2.82,1.01,36.0,1.25,1.8,0.36,0.58,0.86,0.06,1178.57,985.74,446.75,1.26,0.72,0.06,0.0023,0.0901,1.13,0.85,0.85,17.95,114.42,66.77,59.5,8.36,Asia,Asia
2018,68.1,2573.44,4.45,1.74,39.0,1.96,2.72,0.56,0.89,1.27,0.09,3780.26,2679.46,579.67,1.86,1.29,0.09,0.0013,0.1292,1.34,1.34,1.34,11.65,310.51,80.1,84.0,10.0,Europe,Europe
2016,6.02,237.52,0.38,0.24,63.0,0.16,0.14,0.03,0.05,0.06,0.01,213.9,170.13,48.31,0.08,0.11,0.01,0.0012,0.1216,0.11,0.11,0.11,10.19,35.01,78.33,83.0,10.0,Europe,Europe
2009,43.45,299.64,1.24,0.21,17.2,0.49,1.03,0.29,0.37,0.37,0.02,64.74,96.36,170.07,0.8,0.19,0.02,0.0036,0.0623,0.5,0.37,0.37,9.43,4.53,54.23,54.5,5.19,Europe,Europe
2012,92.06,172.46,2.75,0.61,22.0,1.13,2.15,0.55,0.76,0.85,0.06,267.94,335.46,393.78,1.62,0.56,0.06,0.0131,0.0944,1.1,0.83,0.83,18.62,5.07,60.45,56.0,6.11,Asia,Asia
2016,97.71,221.86,3.1,0.93,30.0,1.33,2.17,0.48,0.73,0.96,0.06,694.28,690.29,470.4,1.57,0.81,0.06,0.0106,0.0783,1.24,0.93,0.93,18.91,15.57,62.95,58.0,8.65,Asia,Asia
2009,8.59,249.77,0.49,0.11,22.2,0.19,0.38,0.11,0.14,0.14,0.01,64.04,76.24,56.07,0.29,0.14,0.01,0.0017,0.094,0.15,0.15,0.15,10.93,4.88,69.86,79.5,7.84,Europe,Europe
2013,46.11,385.47,1.4,0.34,24.0,0.58,1.06,0.26,0.37,0.43,0.03,167.77,198.28,203.16,0.8,0.24,0.03,0.0029,0.0705,0.56,0.42,0.42,10.31,14.23,60.29,56.5,5.86,Europe,Europe
2008,11.72,170.58,0.66,0.14,21.4,0.26,0.52,0.15,0.19,0.18,0.01,69.88,88.14,74.26,0.39,0.15,0.01,0.0034,0.0926,0.2,0.2,0.2,9.37,2.79,68.94,79.0,6.88,Europe,Europe
2012,93.26,66.0,2.79,0.61,22.0,1.14,2.17,0.55,0.77,0.86,0.06,271.42,339.81,398.89,1.64,0.72,0.06,0.0346,0.0843,1.12,0.84,0.84,18.9,1.94,57.43,56.0,5.52,Asia,Asia
2019,195.06,860.23,6.47,2.33,36.0,2.88,4.14,0.82,1.34,1.98,1.22,2707.03,2264.12,1026.13,2.89,0.32,3.17,0.0054,0.0745,2.59,1.94,1.94,10.62,110.18,69.57,59.5,8.77,Europe,Europe
2009,20.41,524.52,1.17,0.26,22.2,0.46,0.91,0.25,0.33,0.33,0.02,152.09,181.08,133.17,0.69,0.06,0.42,0.0019,0.0983,0.35,0.35,0.35,19.44,10.24,69.39,79.5,7.84,Oceania,Oceania
2000,142.0,74.0,1.42,0.11,8.0,0.5,1.31,0.46,0.52,0.33,0.03,7.1,14.2,142.0,1.07,0.36,0.03,0.0192,0.0333,0.43,0.43,0.43,18.0,0.15,30.58,35.0,3.01,Asia,Asia
2005,24.78,127.42,0.67,0.09,14.0,0.25,0.57,0.18,0.22,0.18,0.01,15.12,28.34,86.17,0.45,0.11,0.01,0.0048,0.0513,0.27,0.2,0.2,19.2,0.9,50.31,52.5,5.0,Asia,Asia
2003,1104.24,567.74,28.87,3.58,12.4,10.54,25.29,8.24,9.81,7.23,0.58,431.34,907.15,3619.89,20.16,7.54,0.58,0.0486,0.0724,11.55,8.66,8.66,18.52,2.68,48.04,51.5,4.24,Asia,Asia
2022,211.44,172.12,2.93,1.17,40.0,1.35,1.76,0.31,0.55,0.9,0.06,1432.79,806.48,405.14,1.2,0.72,0.06,0.0114,0.0743,0.88,0.88,0.88,18.02,37.25,55.74,46.0,8.11,Asia,Asia
2000,282.0,10250.0,14.1,2.11,15.0,4.93,11.98,4.19,4.79,3.0,2.11,282.0,564.0,1410.0,9.42,2.91,0.28,0.0014,0.098,4.23,4.23,4.23,12.46,38.44,60.39,75.0,5.66,North America,North America
2014,8.94,282.59,0.55,0.17,31.0,0.23,0.38,0.09,0.13,0.16,0.01,203.37,181.52,67.64,0.27,0.08,0.01,0.0015,0.1145,0.17,0.17,0.17,10.76,15.5,75.45,82.0,7.83,Europe,Europe
2002,19.31,441.26,0.99,0.17,16.6,0.36,0.83,0.28,0.33,0.23,0.02,30.16,53.76,102.4,0.65,0.05,0.36,0.0022,0.0949,0.3,0.3,0.3,19.34,2.42,64.28,76.0,6.25,Oceania,Oceania
2016,35.22,1083.69,2.23,0.78,35.0,0.96,1.45,0.32,0.49,0.64,0.04,1251.1,995.11,282.55,1.02,0.11,1.02,0.0016,0.0956,0.67,0.67,0.67,12.48,88.73,80.72,83.0,10.0,North America,North America
2005,16.16,102.76,0.44,0.06,14.0,0.16,0.37,0.12,0.14,0.12,0.01,9.86,18.48,56.2,0.3,0.07,0.01,0.0039,0.0864,0.17,0.13,0.13,24.72,0.72,52.87,52.5,4.69,South America,South America
2019,198.08,146.58,2.63,0.89,34.0,1.17,1.73,0.34,0.56,0.83,0.05,687.22,459.83,347.33,1.22,0.55,0.05,0.0128,0.0769,0.79,0.79,0.79,18.04,17.73,53.85,44.5,7.46,Asia,Asia
2004,15.92,96.48,0.42,0.06,13.2,0.16,0.37,0.12,0.14,0.11,0.01,7.77,15.43,53.76,0.29,0.08,0.01,0.0041,0.0648,0.17,0.13,0.13,23.7,0.56,48.2,52.0,4.27,South America,South America
2007,41.06,442.89,1.14,0.18,15.6,0.44,0.96,0.28,0.36,0.32,0.02,39.16,65.4,151.51,0.75,0.21,0.02,0.0023,0.0889,0.46,0.34,0.34,23.67,4.59,55.21,53.5,5.54,South America,South America
2015,28.76,239.18,0.9,0.25,28.0,0.38,0.65,0.15,0.22,0.28,0.02,163.46,172.15,134.4,0.47,0.2,0.02,0.0029,0.0895,0.36,0.27,0.27,18.96,13.62,62.49,57.5,8.69,Asia,Asia
2013,48.54,215.41,1.47,0.35,24.0,0.61,1.12,0.28,0.39,0.45,0.03,176.6,208.72,213.86,0.84,0.42,0.03,0.0055,0.0697,0.59,0.44,0.44,23.96,7.95,59.15,56.5,6.31,South America,South America
2021,69.75,2771.31,4.77,2.15,45.0,2.17,2.62,0.48,0.83,1.32,0.1,7561.94,4508.95,648.75,1.73,0.83,0.1,0.0012,0.1346,1.43,1.43,1.43,11.17,586.8,85.29,85.5,10.0,Europe,Europe
2012,45.43,361.95,1.36,0.3,22.0,0.56,1.06,0.27,0.37,0.42,0.03,132.23,165.55,194.33,0.8,0.31,0.03,0.0031,0.093,0.54,0.41,0.41,10.47,10.65,60.21,56.0,6.29,Europe,Europe
2022,138.76,2717.69,4.81,2.02,42.0,2.21,2.79,0.49,0.87,1.43,0.1,3761.0,2646.23,797.61,1.87,1.36,0.1,0.0012,0.091,1.93,1.44,1.44,12.27,617.65,70.87,61.0,9.21,North America,North America
2018,210.09,193.99,2.75,0.88,32.0,1.21,1.87,0.38,0.61,0.87,0.05,583.12,413.31,357.66,1.33,0.54,0.05,0.0103,0.0618,0.82,0.82,0.82,19.71,19.21,51.34,44.0,8.12,Asia,Asia
2024,210.14,1178.59,7.51,3.45,46.0,3.53,4.06,0.64,1.23,2.18,1.49,8899.64,5580.08,1281.5,2.65,0.38,3.19,0.0041,0.0812,3.0,2.25,2.25,10.03,387.98,75.48,62.0,9.72,Europe,Europe
2000,100.0,680.0,2.5,0.25,10.0,0.88,2.25,0.79,0.9,0.56,0.05,20.0,50.0,300.0,1.82,0.63,0.05,0.0037,0.048,1.0,0.75,0.75,12.07,1.7,43.39,50.0,3.95,North America,North America
2011,27.09,185.92,0.8,0.16,20.0,0.32,0.64,0.17,0.23,0.24,0.02,63.08,83.66,112.51,0.49,0.19,0.02,0.0036,0.0961,0.32,0.24,0.24,18.95,4.32,57.97,55.5,5.86,Asia,Asia
2008,1421.63,1985.99,40.04,8.54,21.32,15.61,31.5,9.01,11.59,10.9,6.65,1694.72,2671.86,5402.65,23.92,11.02,0.8,0.0177,0.0648,16.01,12.01,12.01,17.69,32.38,52.76,54.0,5.29,Asia,Asia
2020,6.22,262.18,0.42,0.32,77.4,0.19,0.09,0.02,0.03,0.05,0.01,539.12,340.53,56.13,0.05,0.12,0.01,0.0011,0.1025,0.13,0.13,0.13,9.98,83.03,82.65,85.0,10.0,Europe,Europe
2017,5.15,258.68,0.33,0.22,66.6,0.14,0.11,0.02,0.04,0.05,0.01,228.83,171.82,42.58,0.06,0.02,0.14,0.001,0.0969,0.1,0.1,0.1,11.05,46.35,79.37,83.5,10.0,Europe,Europe
2003,10.45,269.22,0.55,0.1,17.4,0.2,0.45,0.15,0.18,0.13,0.01,20.4,34.33,57.08,0.35,0.11,0.01,0.0019,0.0898,0.16,0.16,0.16,9.99,1.78,62.26,76.5,6.07,Europe,Europe
2002,1087.92,533.09,28.02,3.25,11.6,10.09,24.77,8.27,9.71,6.79,0.56,339.97,757.41,3462.52,19.83,6.79,0.56,0.051,0.0826,11.21,8.41,8.41,17.36,2.04,47.47,51.0,4.68,Asia,Asia
2010,170.6,488.06,4.95,0.89,18.0,1.98,4.06,1.1,1.46,1.5,0.84,317.77,446.44,687.81,3.14,0.25,2.02,0.0086,0.0862,1.98,1.48,1.48,9.61,8.89,58.04,55.0,5.54,Europe,Europe
2015,34.94,1057.26,2.18,0.72,33.0,0.93,1.46,0.34,0.5,0.63,0.04,992.93,836.62,272.14,1.04,0.11,0.84,0.0016,0.1054,0.66,0.66,0.66,12.96,70.97,76.87,82.5,10.0,North America,North America
2001,9.07,266.5,0.46,0.13,28.44,0.16,0.33,0.11,0.13,0.09,0.01,11.34,21.41,46.72,0.24,0.13,0.01,0.0017,0.0963,0.14,0.14,0.14,10.87,2.18,60.92,75.5,5.97,Europe,Europe
2017,48.94,495.9,1.58,0.5,32.0,0.69,1.07,0.23,0.36,0.49,0.03,434.72,408.01,242.69,0.77,0.33,0.03,0.0024,0.0837,0.63,0.47,0.47,10.42,42.69,63.88,58.5,8.47,Europe,Europe
2002,15.45,85.07,0.4,0.05,11.6,0.14,0.35,0.12,0.14,0.1,0.01,4.83,10.76,49.18,0.28,0.08,0.01,0.0045,0.0457,0.16,0.12,0.12,25.03,0.33,48.67,51.0,4.65,South America,South America
2019,22.11,671.43,1.47,0.6,41.0,0.65,0.87,0.17,0.28,0.41,0.03,1533.89,1026.34,193.81,0.58,0.07,0.61,0.0016,0.1275,0.44,0.44,0.44,21.52,97.95,82.42,84.5,10.0,Oceania,Oceania
2023,207.03,1106.66,7.29,3.21,44.0,3.39,4.08,0.68,1.26,2.15,1.43,7014.5,4659.0,1225.78,2.71,0.36,3.45,0.0043,0.1056,2.92,2.19,2.19,11.46,303.01,73.98,61.5,9.71,Europe,Europe
2008,16.9,124.12,0.48,0.08,16.4,0.19,0.4,0.11,0.15,0.14,0.01,20.14,31.76,64.22,0.31,0.09,0.01,0.0034,0.0844,0.19,0.14,0.14,23.61,1.56,53.97,54.0,5.56,South America,South America
2011,89.51,2558.57,5.27,1.71,32.5,2.14,3.56,0.93,1.27,1.36,0.11,1042.05,1105.64,619.53,2.53,0.9,0.11,0.0017,0.1125,1.58,1.58,1.58,10.68,96.72,71.6,80.5,7.23,Europe,Europe
2013,12.2,192.99,0.74,0.21,29.0,0.31,0.53,0.13,0.18,0.21,0.01,221.93,209.83,89.58,0.38,0.21,0.01,0.0031,0.1192,0.22,0.22,0.22,9.97,8.61,75.2,81.5,7.86,Europe,Europe
2018,325.49,15986.5,21.28,8.3,39.0,9.36,12.98,2.67,4.26,6.05,3.96,18068.37,12806.92,2770.63,8.88,3.57,0.43,0.001,0.1245,6.38,6.38,6.38,13.24,1928.94,81.85,84.0,10.0,North America,North America
2003,83.98,2099.94,4.39,0.99,22.62,1.6,3.4,1.11,1.32,0.97,0.09,164.03,275.98,458.86,2.56,1.31,0.09,0.002,0.0825,1.32,1.32,1.32,9.86,18.06,64.71,76.5,6.29,Europe,Europe
2010,3.25,134.41,0.19,0.04,23.0,0.08,0.15,0.04,0.05,0.05,0.0,30.26,34.01,21.83,0.11,0.01,0.09,0.0012,0.1076,0.06,0.06,0.06,19.05,3.13,72.22,80.0,7.78,Asia,Asia
2017,3.44,159.77,0.22,0.08,37.0,0.1,0.14,0.03,0.05,0.06,0.0,152.55,114.54,28.39,0.1,0.01,0.07,0.001,0.0992,0.07,0.07,0.07,18.89,15.9,81.8,83.5,10.0,Asia,Asia
2004,41.3,640.21,2.19,0.52,23.66,0.81,1.67,0.53,0.64,0.5,0.04,100.82,160.13,232.39,1.25,0.35,0.04,0.0032,0.1054,0.66,0.66,0.66,9.86,6.62,63.21,77.0,6.59,Europe,Europe
2021,9.46,335.92,0.65,0.29,45.0,0.29,0.36,0.06,0.11,0.18,0.01,1025.35,611.38,87.97,0.23,0.18,0.01,0.0013,0.1342,0.19,0.19,0.19,10.29,71.13,84.1,85.5,10.0,Europe,Europe
2004,1339.44,1543.76,35.54,6.1,17.16,13.15,29.44,9.36,11.31,8.77,5.62,654.02,1298.44,4522.66,22.88,5.53,0.71,0.0216,0.0704,14.22,10.66,10.66,18.17,11.58,48.01,52.0,4.38,Asia,Asia
2006,32.52,846.58,1.78,0.35,19.8,0.68,1.43,0.43,0.54,0.46,0.04,124.05,175.57,194.14,1.09,0.09,0.55,0.0019,0.0959,0.53,0.53,0.53,11.7,9.69,65.68,78.0,6.48,North America,North America
2020,330.72,16795.82,22.27,9.58,43.0,10.02,12.69,2.41,4.06,6.22,4.23,28685.34,18118.82,2986.58,8.47,3.45,0.45,0.0009,0.1255,6.68,6.68,6.68,12.43,2955.06,84.03,85.0,10.0,North America,North America
2003,9.22,279.99,0.48,0.15,31.32,0.18,0.33,0.11,0.13,0.09,0.01,18.0,30.29,50.36,0.24,0.1,0.01,0.0016,0.0727,0.14,0.14,0.14,9.98,3.33,62.17,76.5,6.84,Europe,Europe
2020,190.07,134.22,2.56,0.92,36.0,1.15,1.64,0.31,0.52,0.8,0.05,824.32,520.67,343.3,1.14,0.73,0.05,0.0134,0.0497,0.77,0.77,0.77,26.51,19.77,52.42,45.0,7.72,Africa,Africa
2003,19.46,452.29,1.02,0.18,17.4,0.37,0.84,0.27,0.33,0.24,0.02,38.01,63.95,106.32,0.65,0.05,0.35,0.0021,0.0689,0.31,0.31,0.31,19.46,2.99,63.68,76.5,6.29,Oceania,Oceania
2024,12.11,217.05,0.87,0.78,90.0,0.41,0.09,0.01,0.03,0.05,0.02,2563.85,1286.03,123.06,0.04,0.16,0.02,0.0026,0.1235,0.26,0.26,0.26,10.06,139.79,88.39,87.0,10.0,Europe,Europe
2020,197.99,916.15,6.67,2.53,38.0,3.0,4.13,0.79,1.32,2.03,1.27,3434.54,2711.74,1072.76,2.85,0.33,2.85,0.0051,0.0859,2.67,2.0,2.0,10.35,142.44,70.94,60.0,8.91,Europe,Europe
2002,179.26,742.92,4.62,0.54,11.6,1.66,4.08,1.36,1.6,1.12,0.09,56.02,124.8,570.53,3.27,0.82,0.09,0.006,0.0691,1.85,1.39,1.39,23.56,2.85,45.8,51.0,4.04,South America,South America
2001,133.88,55.91,1.36,0.12,8.8,0.48,1.24,0.42,0.49,0.32,0.03,8.37,15.8,137.9,1.01,0.38,0.03,0.0239,0.0214,0.41,0.41,0.41,18.6,0.14,31.04,35.5,3.64,Asia,Asia
2015,1320.25,1208.77,41.27,11.55,28.0,17.54,29.71,6.83,10.1,12.78,0.83,7504.72,7904.14,6170.7,21.72,10.76,0.83,0.0265,0.0847,16.51,12.38,12.38,18.82,68.85,62.68,57.5,8.0,Asia,Asia
2006,10.7,289.92,0.58,0.12,19.8,0.22,0.47,0.14,0.18,0.15,0.01,40.82,57.77,63.88,0.36,0.12,0.01,0.0018,0.0851,0.18,0.18,0.18,9.26,3.32,68.51,78.0,7.2,Europe,Europe
2005,48.91,633.59,2.63,0.5,19.0,0.99,2.13,0.66,0.81,0.66,0.42,149.26,223.79,283.5,1.64,0.44,0.05,0.0038,0.0797,0.79,0.79,0.79,19.17,6.05,64.57,77.5,6.75,Asia,Asia
2023,63.38,574.61,2.23,0.98,44.0,1.04,1.25,0.21,0.38,0.66,0.04,2147.3,1426.22,375.24,0.83,0.46,0.04,0.0025,0.0835,0.89,0.67,0.67,26.31,157.33,71.16,61.5,9.57,Africa,Africa
2020,60.61,475.69,2.04,0.78,38.0,0.92,1.27,0.24,0.4,0.62,0.04,1051.39,830.13,328.4,0.87,0.4,0.04,0.003,0.0726,0.82,0.61,0.61,26.26,73.96,67.99,60.0,8.98,Africa,Africa
2020,55.12,917.63,3.71,1.6,43.0,1.67,2.12,0.4,0.68,1.04,0.71,4780.89,3019.8,497.76,1.41,1.04,0.07,0.0028,0.1231,1.11,1.11,1.11,18.68,161.45,84.9,85.0,10.0,Asia,Asia
2001,23.34,99.05,0.59,0.06,10.8,0.21,0.53,0.18,0.21,0.14,0.01,5.84,13.77,72.14,0.42,0.12,0.01,0.0059,0.0588,0.24,0.18,0.18,17.1,0.31,45.24,50.5,3.68,Asia,Asia
2012,1508.87,2554.92,45.1,12.9,28.6,18.49,32.2,8.18,11.34,12.69,7.85,4391.39,5498.02,6453.86,23.46,11.23,0.9,0.0145,0.0907,18.04,13.53,13.53,18.59,97.74,59.52,56.0,5.54,Asia,Asia
2005,20.81,214.97,1.12,0.21,19.0,0.42,0.91,0.28,0.35,0.28,0.02,63.52,95.23,120.64,0.7,0.06,0.39,0.0048,0.0992,0.34,0.34,0.34,19.16,2.05,65.03,77.5,6.9,Asia,Asia
2003,65.88,150.99,1.72,0.21,12.4,0.63,1.51,0.49,0.59,0.43,0.03,25.73,54.12,215.96,1.2,0.34,0.03,0.0109,0.0738,0.69,0.52,0.52,17.93,0.71,46.87,51.5,4.73,Asia,Asia
2024,21.44,339.98,0.77,0.35,46.0,0.36,0.41,0.07,0.13,0.22,0.02,908.13,569.4,130.76,0.27,0.19,0.02,0.0014,0.0848,0.31,0.23,0.23,24.4,111.92,75.3,62.0,9.35,South America,South America
2012,20.91,564.85,1.25,0.34,27.0,0.51,0.91,0.23,0.32,0.36,0.02,304.23,304.72,149.04,0.67,0.06,0.38,0.0018,0.0963,0.37,0.37,0.37,20.89,20.4,73.21,81.0,7.97,Oceania,Oceania
2012,5.83,215.18,0.35,0.17,48.6,0.14,0.18,0.05,0.06,0.07,0.01,84.86,85.0,41.57,0.12,0.08,0.01,0.0013,0.1212,0.1,0.1,0.1,10.25,13.99,72.66,81.0,7.32,Europe,Europe
2013,4.44,130.96,0.27,0.08,29.0,0.11,0.19,0.05,0.07,0.08,0.01,80.7,76.3,32.58,0.14,0.07,0.01,0.0017,0.1209,0.08,0.08,0.08,18.52,5.84,76.52,81.5,8.07,Asia,Asia
2004,72.17,128.65,1.92,0.25,13.2,0.71,1.66,0.53,0.64,0.5,0.04,35.24,69.96,243.69,1.32,0.54,0.04,0.014,0.0676,0.77,0.57,0.57,25.72,0.74,49.5,52.0,4.14,Africa,Africa
2020,10.55,426.04,0.71,0.55,77.4,0.32,0.16,0.03,0.05,0.08,0.01,915.49,578.26,95.32,0.08,0.2,0.01,0.0012,0.1052,0.21,0.21,0.21,11.38,134.92,82.5,85.0,10.0,Europe,Europe
2008,196.01,1084.02,5.52,0.91,16.4,2.15,4.61,1.32,1.7,1.6,0.11,233.66,368.39,744.9,3.6,1.19,0.11,0.0045,0.0638,2.21,1.66,1.66,25.22,13.6,55.65,54.0,4.84,South America,South America
2018,130.73,2112.52,4.27,1.45,34.0,1.88,2.82,0.58,0.92,1.31,0.09,1451.44,1285.98,667.7,1.99,1.28,0.09,0.0015,0.0693,1.71,1.28,1.28,13.11,222.22,68.53,59.0,8.44,North America,North America
2022,106.84,323.73,3.71,1.56,42.0,1.7,2.15,0.37,0.67,1.1,0.07,2895.97,2037.59,614.16,1.44,0.64,0.07,0.0077,0.1021,1.48,1.11,1.11,19.08,73.57,72.33,61.0,9.57,Asia,Asia
2000,40.0,580.0,2.0,0.39,19.5,0.7,1.61,0.56,0.64,0.4,0.04,40.0,80.0,200.0,1.24,0.46,0.04,0.0034,0.0792,0.6,0.6,0.6,9.05,2.83,59.36,75.0,5.88,Europe,Europe
2007,86.57,48.17,2.4,0.37,15.6,0.92,2.03,0.6,0.75,0.68,0.05,82.56,137.88,319.4,1.59,0.39,0.05,0.0446,0.066,0.96,0.72,0.72,18.89,0.5,55.01,53.5,4.75,Asia,Asia
2007,62.38,1961.33,3.46,0.71,20.6,1.33,2.75,0.81,1.02,0.92,0.07,297.47,397.45,383.62,2.1,0.7,0.07,0.0016,0.1135,1.04,1.04,1.04,10.49,26.87,67.35,78.5,6.65,Europe,Europe
2010,21.66,243.22,1.26,0.29,23.0,0.5,0.97,0.26,0.35,0.36,0.03,201.71,226.72,145.54,0.73,0.06,0.49,0.0044,0.0994,0.38,0.38,0.38,17.73,5.66,73.78,80.0,7.85,Asia,Asia
2004,8.26,220.76,0.44,0.08,18.2,0.16,0.36,0.11,0.14,0.11,0.01,20.16,32.03,46.48,0.28,0.12,0.01,0.0019,0.0739,0.13,0.13,0.13,10.83,1.76,64.96,77.0,6.94,Europe,Europe
2004,4.13,104.86,0.22,0.04,18.2,0.08,0.18,0.06,0.07,0.05,0.0,10.08,16.01,23.24,0.14,0.05,0.0,0.002,0.0721,0.07,0.07,0.07,17.96,0.83,65.72,77.0,6.88,Asia,Asia
2024,6.42,289.4,0.46,0.41,90.0,0.22,0.05,0.01,0.01,0.02,0.01,1358.84,681.6,65.22,0.02,0.08,0.01,0.001,0.1345,0.14,0.14,0.14,10.78,186.39,88.41,87.0,10.0,Europe,Europe
2002,10.36,262.66,0.53,0.09,16.6,0.19,0.45,0.15,0.17,0.12,0.01,16.19,28.86,54.98,0.35,0.09,0.01,0.002,0.0934,0.16,0.16,0.16,10.14,1.44,61.55,76.0,6.29,Europe,Europe
2019,5.24,271.77,0.35,0.26,73.8,0.15,0.09,0.02,0.03,0.04,0.01,363.29,243.08,45.9,0.05,0.02,0.16,0.0009,0.1089,0.1,0.1,0.1,10.75,71.36,81.94,84.5,10.0,Europe,Europe
2009,21.49,237.28,1.23,0.27,22.2,0.49,0.96,0.27,0.35,0.34,0.02,160.09,190.61,140.18,0.72,0.06,0.55,0.0045,0.0807,0.37,0.37,0.37,18.78,4.63,70.97,79.5,6.93,Asia,Asia
2014,94.85,195.6,2.92,0.76,26.0,1.23,2.16,0.51,0.74,0.9,0.06,431.31,481.21,430.39,1.6,0.85,0.06,0.0118,0.0859,1.17,0.88,0.88,19.04,9.0,63.02,57.0,6.45,Asia,Asia
2004,3.1,115.9,0.16,0.03,18.2,0.06,0.13,0.04,0.05,0.04,0.0,7.56,12.01,17.43,0.1,0.01,0.06,0.0013,0.0776,0.05,0.05,0.05,18.5,0.92,66.1,77.0,6.77,Asia,Asia
2012,139.74,6589.96,8.35,2.26,27.0,3.43,6.1,1.55,2.15,2.4,1.45,2033.53,2036.78,996.2,4.48,2.14,0.17,0.001,0.0925,2.51,2.51,2.51,17.75,237.99,72.46,81.0,7.65,Asia,Asia
2024,37.53,1320.37,2.68,1.37,51.0,1.26,1.31,0.21,0.4,0.71,0.05,7947.94,3986.69,381.49,0.83,0.13,1.28,0.0013,0.1462,0.8,0.8,0.8,13.68,481.9,90.04,87.0,10.0,North America,North America
2014,68.2,2048.81,4.2,1.3,31.0,1.76,2.9,0.69,1.0,1.21,0.75,1550.66,1384.06,515.78,2.08,1.14,0.08,0.0016,0.0882,1.26,1.26,1.26,10.23,112.35,76.39,82.0,8.14,Europe,Europe
2009,149.61,74.48,1.71,0.26,15.2,0.68,1.45,0.4,0.53,0.52,0.03,55.73,66.36,195.21,1.14,0.42,0.03,0.0199,0.0394,0.51,0.51,0.51,25.68,1.0,39.44,39.5,3.92,Africa,Africa
2014,1554.48,2897.85,47.87,16.18,33.8,20.1,31.69,7.54,10.9,13.25,8.52,7068.94,7886.82,7053.85,22.38,9.69,0.96,0.013,0.09,19.15,14.36,14.36,19.35,173.26,63.35,57.0,6.38,Asia,Asia
2014,55.43,326.01,1.71,0.44,26.0,0.72,1.26,0.3,0.43,0.53,0.03,252.06,281.23,251.52,0.93,0.39,0.03,0.0041,0.0881,0.68,0.51,0.51,26.18,14.99,62.9,57.0,6.37,Africa,Africa
2017,100.47,90.43,3.24,1.04,32.0,1.41,2.2,0.47,0.73,1.0,0.06,892.31,837.49,498.16,1.57,0.85,0.06,0.0267,0.1018,1.29,0.97,0.97,19.2,7.78,65.79,58.5,8.7,Asia,Asia
2012,170.09,100.76,2.03,0.41,20.0,0.83,1.63,0.41,0.57,0.64,0.04,123.76,123.96,242.51,1.24,0.36,0.04,0.0165,0.0662,0.61,0.61,0.61,17.51,2.7,44.45,41.0,5.07,Asia,Asia
2013,44.37,799.54,2.69,1.01,37.7,1.12,1.68,0.41,0.58,0.68,0.05,807.01,763.03,325.76,1.16,0.57,0.05,0.0027,0.1127,0.81,0.81,0.81,9.71,46.37,76.1,81.5,7.9,Europe,Europe
2021,61.52,506.61,2.1,0.84,40.0,0.96,1.26,0.23,0.4,0.63,0.04,1333.95,994.24,343.32,0.86,0.55,0.04,0.0028,0.0905,0.84,0.63,0.63,25.96,95.35,72.03,60.5,9.59,Africa,Africa
2020,86.2,951.38,2.9,1.1,38.0,1.31,1.8,0.34,0.58,0.88,0.06,1495.31,1180.62,467.05,1.24,0.64,0.06,0.0021,0.0821,1.16,0.87,0.87,19.0,147.92,68.19,60.0,8.8,Asia,Asia
2024,73.86,2622.65,5.28,2.69,51.0,2.48,2.59,0.41,0.79,1.39,1.05,15639.5,7844.78,750.66,1.64,1.09,0.11,0.0013,0.1188,1.58,1.58,1.58,11.25,957.19,88.43,87.0,10.0,Europe,Europe
2009,88.1,2435.28,5.04,1.45,28.86,1.99,3.58,1.0,1.3,1.28,0.1,656.37,781.5,574.73,2.61,1.35,0.1,0.0018,0.1096,1.51,1.51,1.51,9.54,61.81,70.78,79.5,6.91,Europe,Europe
2011,74.21,249.89,2.19,0.44,20.0,0.89,1.75,0.46,0.62,0.67,0.04,172.79,229.16,308.18,1.34,0.65,0.04,0.0073,0.0806,0.87,0.66,0.66,17.59,5.81,56.5,55.5,6.1,Asia,Asia
2007,4.23,112.93,0.23,0.05,20.6,0.09,0.19,0.05,0.07,0.06,0.0,20.17,26.95,26.01,0.14,0.05,0.0,0.0019,0.0774,0.07,0.07,0.07,18.38,1.55,67.92,78.5,7.16,Asia,Asia
2008,4.26,115.75,0.24,0.05,21.4,0.09,0.19,0.05,0.07,0.07,0.0,25.41,32.05,27.0,0.14,0.05,0.0,0.0018,0.0856,0.07,0.07,0.07,17.51,1.89,68.86,79.0,6.8,Asia,Asia
2023,245.06,2787.93,8.63,3.8,44.0,4.01,4.83,0.8,1.49,2.54,0.17,8302.88,5514.73,1450.93,3.2,2.33,0.17,0.002,0.1023,3.45,2.59,2.59,24.46,763.35,72.96,61.5,9.31,South America,South America
2010,152.9,78.57,1.77,0.28,16.0,0.71,1.49,0.4,0.54,0.55,0.04,71.2,80.03,205.49,1.17,0.32,0.04,0.0192,0.0566,0.53,0.53,0.53,27.16,1.27,43.26,40.0,4.69,Africa,Africa
2002,9.14,273.16,0.47,0.14,29.88,0.17,0.33,0.11,0.13,0.09,0.01,14.29,25.47,48.51,0.24,0.11,0.01,0.0017,0.0788,0.14,0.14,0.14,10.28,2.7,63.22,76.0,6.49,Europe,Europe
2022,13.11,241.02,0.91,0.43,47.0,0.42,0.48,0.08,0.15,0.25,0.02,1776.42,999.9,125.58,0.31,0.24,0.02,0.0025,0.105,0.27,0.27,0.27,10.59,61.3,87.52,86.0,10.0,Europe,Europe
2006,85.29,45.23,2.33,0.35,14.8,0.89,1.99,0.6,0.75,0.64,0.05,65.07,115.12,305.52,1.56,0.51,0.05,0.0469,0.0563,0.93,0.7,0.7,18.95,0.39,53.73,53.0,4.87,Asia,Asia
2001,45.67,143.78,1.16,0.13,10.8,0.41,1.03,0.35,0.41,0.27,0.02,11.42,26.95,141.14,0.83,0.28,0.02,0.0079,0.0697,0.46,0.35,0.35,25.05,0.45,44.87,50.5,4.36,Africa,Africa
2006,69.98,393.97,1.91,0.28,14.8,0.73,1.63,0.49,0.61,0.52,0.04,53.39,94.46,250.68,1.28,0.36,0.04,0.0044,0.0547,0.77,0.57,0.57,17.94,3.37,52.0,53.0,5.15,Asia,Asia
2012,76.52,574.86,2.29,0.5,22.0,0.94,1.78,0.45,0.63,0.7,0.05,222.7,278.82,327.3,1.35,0.66,0.05,0.0033,0.0928,0.91,0.69,0.69,19.01,16.92,60.55,56.0,5.96,Asia,Asia
2016,5.11,252.37,0.32,0.2,63.0,0.14,0.12,0.03,0.04,0.05,0.01,181.61,144.45,41.02,0.07,0.02,0.11,0.001,0.1275,0.1,0.1,0.1,10.65,37.19,79.0,83.0,10.0,Europe,Europe
2017,67.56,2510.67,4.35,1.61,37.0,1.89,2.74,0.59,0.91,1.24,0.09,3000.21,2252.71,558.32,1.9,1.15,0.09,0.0013,0.1178,1.31,1.31,1.31,10.62,249.92,80.05,83.5,10.0,Europe,Europe
2005,293.46,11596.93,15.81,3.0,19.0,5.93,12.8,3.97,4.87,3.97,2.53,895.57,1342.74,1701.01,9.85,4.23,0.32,0.0013,0.078,4.74,4.74,4.74,12.23,110.8,66.37,77.5,6.3,North America,North America
2011,17.67,149.94,0.52,0.1,20.0,0.21,0.42,0.11,0.15,0.16,0.01,41.14,54.56,73.38,0.32,0.13,0.01,0.0029,0.0674,0.21,0.16,0.16,24.42,3.49,56.53,55.5,5.61,South America,South America
2003,181.95,791.21,4.76,0.59,12.4,1.74,4.17,1.36,1.62,1.19,0.1,71.07,149.47,596.46,3.32,1.23,0.1,0.0057,0.0787,1.9,1.43,1.43,24.78,3.73,48.19,51.5,4.62,South America,South America
2021,87.49,1013.22,2.99,1.2,40.0,1.36,1.79,0.33,0.57,0.9,0.06,1897.17,1414.03,488.28,1.22,0.78,0.06,0.002,0.0734,1.2,0.9,0.9,19.65,190.7,71.61,60.5,9.32,Asia,Asia
2003,4.61,183.07,0.24,0.08,31.32,0.09,0.17,0.05,0.06,0.05,0.0,9.0,15.15,25.18,0.12,0.01,0.12,0.0013,0.0668,0.07,0.07,0.07,10.07,2.18,64.35,76.5,6.67,Europe,Europe
2017,29.62,271.29,0.95,0.31,32.0,0.41,0.65,0.14,0.22,0.29,0.02,263.12,246.95,146.89,0.46,0.18,0.02,0.0026,0.0717,0.38,0.29,0.29,18.95,23.35,65.8,58.5,8.23,Asia,Asia
2001,38.57,181.05,0.98,0.11,10.8,0.35,0.87,0.3,0.35,0.23,0.02,9.64,22.76,119.18,0.7,0.23,0.02,0.0053,0.0622,0.39,0.29,0.29,9.9,0.56,45.47,50.5,4.08,Europe,Europe
2014,5.03,240.21,0.31,0.17,55.8,0.13,0.14,0.03,0.05,0.06,0.01,114.39,102.1,38.05,0.08,0.02,0.12,0.001,0.1242,0.09,0.09,0.09,10.2,23.71,76.71,82.0,7.83,Europe,Europe
2012,81.3,212.91,2.43,0.53,22.0,1.0,1.9,0.48,0.67,0.75,0.05,236.62,296.25,347.75,1.43,0.43,0.05,0.0094,0.0892,0.97,0.73,0.73,26.65,6.27,61.21,56.0,5.34,Africa,Africa
2017,51.52,277.12,1.66,0.53,32.0,0.72,1.13,0.24,0.37,0.51,0.03,457.6,429.48,255.47,0.81,0.49,0.03,0.0045,0.0812,0.66,0.5,0.5,23.94,23.86,66.09,58.5,8.78,South America,South America
2013,8.87,275.7,0.54,0.16,29.0,0.22,0.38,0.09,0.13,0.16,0.01,161.4,152.61,65.15,0.28,0.14,0.01,0.0016,0.1219,0.16,0.16,0.16,9.69,12.3,75.17,81.5,7.55,Europe,Europe
2010,1225.53,882.25,35.56,6.4,18.0,14.22,29.16,7.87,10.5,10.79,0.71,2282.73,3207.11,4941.03,22.55,5.61,0.71,0.0343,0.0763,14.22,10.67,10.67,18.48,16.06,57.55,55.0,5.73,Asia,Asia
2009,9.67,324.7,0.55,0.22,39.96,0.22,0.33,0.09,0.12,0.12,0.01,72.04,85.77,63.08,0.23,0.1,0.01,0.0015,0.0789,0.17,0.17,0.17,10.87,11.41,70.63,79.5,7.14,Europe,Europe
2016,10.22,385.97,0.65,0.41,63.0,0.28,0.24,0.05,0.08,0.11,0.01,363.22,288.9,82.03,0.14,0.11,0.01,0.0013,0.1098,0.19,0.19,0.19,10.89,56.89,79.16,83.0,10.0,Europe,Europe
2013,94.66,70.29,2.87,0.69,24.0,1.19,2.18,0.54,0.76,0.89,0.06,344.36,407.0,417.02,1.63,0.72,0.06,0.0329,0.0789,1.15,0.86,0.86,17.53,2.59,61.82,56.5,6.22,Asia,Asia
2014,141.99,6923.57,8.74,2.71,31.0,3.67,6.03,1.44,2.08,2.52,1.56,3228.43,2881.57,1073.85,4.33,1.99,0.17,0.001,0.1193,2.62,2.62,2.62,18.35,379.67,77.29,82.0,8.46,Asia,Asia
2021,18.91,705.42,1.29,0.58,45.0,0.59,0.71,0.13,0.22,0.36,0.03,2050.7,1222.77,175.93,0.47,0.23,0.03,0.0013,0.1341,0.39,0.39,0.39,10.76,149.37,85.13,85.5,10.0,Europe,Europe
2001,8.06,205.0,0.41,0.06,15.8,0.15,0.34,0.12,0.14,0.09,0.01,10.08,19.03,41.53,0.27,0.09,0.01,0.002,0.0913,0.12,0.12,0.12,10.96,0.93,60.08,75.5,6.54,Europe,Europe
2014,45.57,688.24,1.4,0.36,26.0,0.59,1.04,0.25,0.36,0.43,0.03,207.25,231.23,206.81,0.77,0.41,0.03,0.0016,0.0701,0.56,0.42,0.42,24.83,31.65,60.69,57.0,5.92,South America,South America
2001,5.34,164.0,0.27,0.08,28.44,0.1,0.19,0.07,0.08,0.05,0.01,6.68,12.61,27.51,0.14,0.07,0.01,0.0016,0.0681,0.08,0.08,0.08,9.96,1.34,60.6,75.5,5.74,Europe,Europe
2003,80.52,97.84,2.1,0.26,12.4,0.77,1.84,0.6,0.72,0.53,0.04,31.45,66.15,263.95,1.47,0.42,0.04,0.0205,0.0467,0.84,0.63,0.63,18.34,0.46,47.56,51.5,4.34,Asia,Asia
2018,70.41,2261.51,4.6,1.79,39.0,2.03,2.81,0.58,0.92,1.31,0.86,3908.41,2770.29,599.32,1.92,0.7,0.09,0.0015,0.1225,1.38,1.38,1.38,10.08,272.87,83.44,84.0,10.0,Europe,Europe
2015,92.41,2824.18,5.78,2.48,42.9,2.46,3.3,0.76,1.12,1.42,0.12,2626.47,2213.0,719.86,2.2,1.54,0.12,0.0016,0.1123,1.73,1.73,1.73,10.45,246.47,79.63,82.5,9.86,Europe,Europe
2000,78.0,31.0,1.95,0.2,10.0,0.68,1.75,0.61,0.7,0.44,0.04,15.6,39.0,234.0,1.42,0.45,0.04,0.0629,0.0446,0.78,0.58,0.58,18.21,0.08,43.47,50.0,3.84,Asia,Asia
2017,189.34,758.43,6.1,1.95,32.0,2.65,4.15,0.89,1.38,1.88,1.12,1681.67,1578.35,938.85,2.96,0.3,2.35,0.006,0.0836,2.44,1.83,1.83,10.01,65.29,66.58,58.5,8.74,Europe,Europe
2007,1172.0,730.37,32.52,5.07,15.6,12.52,27.45,8.07,10.21,9.17,0.65,1117.7,1866.68,4324.22,21.51,5.05,0.65,0.0398,0.0691,13.01,9.76,9.76,18.37,7.58,52.55,53.5,5.14,Asia,Asia
2023,6.37,282.34,0.45,0.4,88.2,0.21,0.05,0.01,0.02,0.03,0.01,1078.45,573.04,62.82,0.03,0.13,0.01,0.001,0.1387,0.13,0.13,0.13,11.43,154.96,85.82,86.5,10.0,Europe,Europe
2016,1340.05,1287.34,42.51,12.75,30.0,18.28,29.76,6.61,10.0,13.15,0.85,9521.62,9466.79,6451.15,21.5,8.65,0.85,0.0251,0.0943,17.01,12.75,12.75,17.67,90.35,62.66,58.0,7.95,Asia,Asia
2013,65.44,2274.54,3.97,1.15,29.0,1.65,2.82,0.69,0.98,1.14,0.08,1190.33,1125.47,480.5,2.05,0.79,0.08,0.0014,0.103,1.19,1.19,1.19,10.54,101.46,74.57,81.5,7.56,Europe,Europe
2021,5.32,285.53,0.36,0.29,81.0,0.17,0.07,0.01,0.02,0.03,0.01,576.76,343.9,49.48,0.03,0.02,0.15,0.0009,0.1039,0.11,0.11,0.11,10.39,108.83,86.03,85.5,10.0,Europe,Europe
2001,3.02,107.62,0.15,0.02,15.8,0.05,0.13,0.04,0.05,0.03,0.0,3.78,7.14,15.57,0.1,0.01,0.05,0.0014,0.0764,0.05,0.05,0.05,17.86,0.49,61.92,75.5,5.71,Asia,Asia
2006,3.15,121.77,0.17,0.03,19.8,0.07,0.14,0.04,0.05,0.04,0.0,12.0,16.99,18.79,0.11,0.01,0.07,0.0013,0.0828,0.05,0.05,0.05,17.4,1.39,69.17,78.0,6.56,Asia,Asia
2023,56.45,988.18,3.98,1.95,49.0,1.85,2.03,0.34,0.62,1.07,0.78,9563.58,5081.67,557.08,1.3,0.67,0.08,0.0026,0.1346,1.19,1.19,1.19,19.74,301.32,86.32,86.5,10.0,Asia,Asia
2001,128.02,5022.5,6.5,1.03,15.8,2.31,5.47,1.87,2.17,1.43,0.99,160.02,302.12,659.28,4.28,1.13,0.13,0.0013,0.0984,1.95,1.95,1.95,18.69,22.81,63.0,75.5,6.38,Asia,Asia
2005,39.86,390.47,1.07,0.15,14.0,0.4,0.92,0.29,0.35,0.29,0.02,24.33,45.59,138.62,0.73,0.23,0.02,0.0025,0.0493,0.43,0.32,0.32,23.53,2.75,50.78,52.5,4.46,South America,South America
2015,97.52,79.73,3.05,0.85,28.0,1.3,2.19,0.5,0.75,0.94,0.06,554.33,583.83,455.79,1.6,0.8,0.06,0.0296,0.0946,1.22,0.91,0.91,18.64,4.54,61.56,57.5,8.42,Asia,Asia
